{
  "430 - Permian Basin": {
    "pretty": "Permian",
    "facility_count": 157,
    "unique_parents": 130,
    "top1_name": "Chevron",
    "top1_share_pct": 3.1847133757961785,
    "top5_share_pct": 10.19108280254777,
    "decay_shares": [
      3.1847133757961785,
      2.5477707006369426,
      1.910828025477707,
      1.2738853503184713,
      1.2738853503184713,
      1.2738853503184713,
      1.2738853503184713,
      1.2738853503184713,
      1.2738853503184713,
      1.2738853503184713,
      1.2738853503184713,
      1.2738853503184713,
      1.2738853503184713,
      1.2738853503184713,
      1.2738853503184713,
      1.2738853503184713,
      1.2738853503184713,
      1.2738853503184713,
      1.2738853503184713,
      1.2738853503184713
    ],
    "top5": [
      [
        "Chevron",
        5,
        3.1847133757961785
      ],
      [
        "Devon Energy",
        4,
        2.5477707006369426
      ],
      [
        "Eagleclaw Midstream Services",
        3,
        1.910828025477707
      ],
      [
        "Callon Petroleum",
        2,
        1.2738853503184713
      ],
      [
        "Coterra Energy",
        2,
        1.2738853503184713
      ]
    ]
  },
  "220 - Gulf Coast Basin (LA, TX)": {
    "pretty": "Gulf Coast",
    "facility_count": 89,
    "unique_parents": 68,
    "top1_name": "Bp America",
    "top1_share_pct": 5.617977528089888,
    "top5_share_pct": 15.730337078651685,
    "decay_shares": [
      5.617977528089888,
      4.49438202247191,
      3.3707865168539324,
      3.3707865168539324,
      2.247191011235955,
      2.247191011235955,
      2.247191011235955,
      2.247191011235955,
      2.247191011235955,
      2.247191011235955,
      2.247191011235955,
      2.247191011235955,
      2.247191011235955,
      2.247191011235955,
      2.247191011235955,
      2.247191011235955,
      2.247191011235955,
      2.247191011235955,
      1.1235955056179776,
      1.1235955056179776
    ],
    "top5": [
      [
        "Bp America",
        5,
        5.617977528089888
      ],
      [
        "Kinder Morgan",
        4,
        4.49438202247191
      ],
      [
        "Ineos Usa Oil & Gas",
        3,
        3.3707865168539324
      ],
      [
        "Hilcorp Energy",
        3,
        3.3707865168539324
      ],
      [
        "Lewis Energy Group",
        2,
        2.247191011235955
      ]
    ]
  },
  "160A - Appalachian Basin (Eastern Overthrust Area)": {
    "pretty": "Appalachian (Eastern Overthrust)",
    "facility_count": 81,
    "unique_parents": 58,
    "top1_name": "National Fuel Gas",
    "top1_share_pct": 6.172839506172839,
    "top5_share_pct": 19.753086419753085,
    "decay_shares": [
      6.172839506172839,
      3.7037037037037037,
      3.7037037037037037,
      3.7037037037037037,
      2.4691358024691357,
      2.4691358024691357,
      2.4691358024691357,
      2.4691358024691357,
      2.4691358024691357,
      2.4691358024691357,
      2.4691358024691357,
      2.4691358024691357,
      2.4691358024691357,
      2.4691358024691357,
      2.4691358024691357,
      2.4691358024691357,
      2.4691358024691357,
      2.4691358024691357,
      1.2345679012345678,
      1.2345679012345678
    ],
    "top5": [
      [
        "National Fuel Gas",
        5,
        6.172839506172839
      ],
      [
        "Dt Midstream",
        3,
        3.7037037037037037
      ],
      [
        "Equitrans Midstream",
        3,
        3.7037037037037037
      ],
      [
        "MPLX",
        3,
        3.7037037037037037
      ],
      [
        "Greylock Energy",
        2,
        2.4691358024691357
      ]
    ]
  },
  "360 - Anadarko Basin": {
    "pretty": "Anadarko",
    "facility_count": 56,
    "unique_parents": 48,
    "top1_name": "Unit",
    "top1_share_pct": 3.5714285714285716,
    "top5_share_pct": 17.857142857142858,
    "decay_shares": [
      3.5714285714285716,
      3.5714285714285716,
      3.5714285714285716,
      3.5714285714285716,
      3.5714285714285716,
      3.5714285714285716,
      3.5714285714285716,
      3.5714285714285716,
      3.5714285714285716,
      1.7857142857142858,
      1.7857142857142858,
      1.7857142857142858,
      1.7857142857142858,
      1.7857142857142858,
      1.7857142857142858,
      1.7857142857142858,
      1.7857142857142858,
      1.7857142857142858,
      1.7857142857142858,
      1.7857142857142858
    ],
    "top5": [
      [
        "Unit",
        2,
        3.5714285714285716
      ],
      [
        "Fourpoint Energy",
        2,
        3.5714285714285716
      ],
      [
        "Scout Energy Management",
        2,
        3.5714285714285716
      ],
      [
        "Formentera Operations",
        2,
        3.5714285714285716
      ],
      [
        "Citizen Energy Iii",
        2,
        3.5714285714285716
      ]
    ]
  },
  "395 - Williston Basin": {
    "pretty": "Williston",
    "facility_count": 46,
    "unique_parents": 38,
    "top1_name": "Scout Energy Management",
    "top1_share_pct": 4.3478260869565215,
    "top5_share_pct": 21.73913043478261,
    "decay_shares": [
      4.3478260869565215,
      4.3478260869565215,
      4.3478260869565215,
      4.3478260869565215,
      4.3478260869565215,
      4.3478260869565215,
      4.3478260869565215,
      4.3478260869565215,
      4.3478260869565215,
      2.1739130434782608,
      2.1739130434782608,
      2.1739130434782608,
      2.1739130434782608,
      2.1739130434782608,
      2.1739130434782608,
      2.1739130434782608,
      2.1739130434782608,
      2.1739130434782608,
      2.1739130434782608,
      2.1739130434782608
    ],
    "top5": [
      [
        "Scout Energy Management",
        2,
        4.3478260869565215
      ],
      [
        "ConocoPhillips",
        2,
        4.3478260869565215
      ],
      [
        "Lime Rock Resources A",
        2,
        4.3478260869565215
      ],
      [
        "Devon Energy",
        2,
        4.3478260869565215
      ],
      [
        "EOG Resources",
        2,
        4.3478260869565215
      ]
    ]
  },
  "230 - Arkla Basin": {
    "pretty": "Arkla",
    "facility_count": 32,
    "unique_parents": 26,
    "top1_name": "Aethon United Br",
    "top1_share_pct": 6.25,
    "top5_share_pct": 31.25,
    "decay_shares": [
      6.25,
      6.25,
      6.25,
      6.25,
      6.25,
      6.25,
      3.125,
      3.125,
      3.125,
      3.125,
      3.125,
      3.125,
      3.125,
      3.125,
      3.125,
      3.125,
      3.125,
      3.125,
      3.125,
      3.125
    ],
    "top5": [
      [
        "Aethon United Br",
        2,
        6.25
      ],
      [
        "Diversified Gas & Oil",
        2,
        6.25
      ],
      [
        "Nadel & Gussman",
        2,
        6.25
      ],
      [
        "ExxonMobil",
        2,
        6.25
      ],
      [
        "Geosouthern Energy",
        2,
        6.25
      ]
    ]
  }
}